,MDPTVPVFGTKLTPINGREETPCYNQTLSFTVLTCIISLVGLTGNAVVLWLLGYRMRRNAVSIYILNLAAADFLFLSFQIIRLPLRLINISHLIRKILVSVMTFPYFTGLSMLSAISTERCLSVLWPIWYRCRRPTHLSAVVCVLLWGLSLLFSMLEWRFCDFLFSGADSSWCETSDFIPVAWLIFLCVVLCVSSLVLLVRILCGSRKMPLTRLYVTILLTVLVFLLCGLPFGILGALIYRMHLNLEVLYCHVYLVCMSLSSLNSSANPIIYFFVGSFRQRQNRQNLKLVLQRALQDKPEVDKGEGQLPEESLELSGSRLGP,MASTVEGGDTALLPEFPRGPLDAYRARASFSWKELALFTEGEGMLRFKKTIFSALENDPLFARSPGADLSLEKYRELNFLRCKRIFEYDFLSVEDMFKSPLKVPALIQCLGMYDSSLAAKYLLHSLVFGSAVYSSGSERHLTYIQKIFRMEIFGCFALTELSHGSNTKAIRTTAHYDPATEEFIIHSPDFEAAKFWVGNMGKTATHAVVFAKLCVPGDQCHGLHPFIVQIRDPKTLLPMPGVMVGDIGKKLGQNGLDNGFAMFHKVRVPRQSLLNRMGDVTPEGTYVSPFKDVRQRFGASLGSLSSGRVSIVSLAILNLKLAVAIALRFSATRRQFGPTEEEEIPVLEYPMQQWRLLPYLAAVYALDHFSKSLFLDLVELQRGLASGDRSARQAELGREIHALASASKPLASWTTQQGIQECREACGGHGYLAMNRLGVLRDDNDPNCTYEGDNNILLQQTSNYLLGLLAHQVHDGACFRSPLKSVDFLDAYPGILDQKFEVSSVADCLDSAVALAAYKWLVCYLLRETYQKLNQEKRSGSSDFEARNKCQVSHGRPLALAFVELTVVQRFHEHVHQPSVPPSLRAVLGRLSALYALWSLSRHAALLYRGGYFSGEQAGEVLESAVLALCSQLKDDAVALVDVIAPPDFVLDSPIGRADGELYKNLWGAVLQESKVLERASWWPEFSVNKPVIGSLKSKL,MHKLKSSQKDKVRQFMACTQAGERTAIYCLTQNEWRLDEATDSFFQNPDSLHRESMRNAVDKKKLERLYGRYKDPQDENKIGVDGIQQFCDDLSLDPASISVLVIAWKFRAATQCEFSRKEFLDGMTELGCDSMEKLKALLPRLEQELKDTAKFKDFYQFTFTFAKNPGQKGLDLEMAVAYWKLVLSGRFKFLDLWNTFLMEHHKRSIPRDTWNLLLDFGNMIADDMSNYDEEGAWPVLIDDFVEYARPVVTGGKRSLF,MATELDKIFLILAIAEFIISMLGNVFIGLVNCSEGIKNQKVFSADFILTCLAISTIGQLLVILFDSFLVGLASHLYTTYRLGKTVIMLWHMTNHLTTWLATCLSIFYFFKIAHFPHSLFLWLRWRMNGMIVMLLILSLFLLIFDSLVLEIFIDISLNIIDKSNLTLYLDESKTLYDKLSILKTLLSLTSFIPFSLFLTSLLFLFLSLVRHTRNLKLSSLGSRDSSTEAHRRAMKMVMSFLFLFIVHFFSLQVANGIFFMLWNNKYIKFVMLALNAFPSCHSFILILGNSKLRQTAVRLLWHLRNYTKTPNALPL,MGTKGLPLYPDPSRVPGTKTQNNLESDYLARDGPSSNSSFHSSEEEGTDLEGDMLDCSGSRPLLMESEEEDESCRPPPGKLGGAVPFAPPEVSPEQAKTVQGGRKNQFQAFTQPATDGLSEPDVFAIAPFRSSRVPNDDMDIFSKAPFVSKSSMAPSQPEESDVFLRAPFTKKKSMEELTVIQCTSQELPAQTGLLSQTGDVPLPAGRERAVYTSVQAQYSTAGFVQQSNLLSHSVQAADHLDSISPRGSCLESGGHSNDRNKGPQLQKEAVSGPMAGKPFRPQSLSKYSRHYSPEDEPSPEAQPIAAYKIVSQTNKQSIAGSVSITSLSSRTTELPAADPFALAPFPSKSGKKP,MAWAPLLLTLLAHCTGSWANFMLTQPHSVSESPGKTVTISCTGSSGSIASNYVQWYQQRPGSAPTTVIYEDNQRPSGVPDRFSGSIDSSSNSASLTISGLKTEDEADYYCQSYDSSN,MARKALKLASWTSMALAASGIYFYSNKYLDPNDFGAVRVGRAVATTAVISYDYLTSLKSVPYGSEEYLQLRSKSWPVFLQVHLRSARRLCELCCANRGTFIKVGQHLGALDYLLPEEYTSTLKVLHSQAPQSSMQEIRQVIREDLGKEIHDLFQSFDDTPLGTASLAQVHKAVLHDGRTVAVKVQHPKVRAQSSKDILLMEVLVLAVKQLFPEFEFMWLVDEAKKNLPLELDFLNEGRNAEKVSQMLRHFDFLKVPRIHWDLSTERVLLMEFVDGGQVNDRDYMERNKIDVNEISRHLGKMYSEMIFVNGFVHCDPHPGNVLVRKHPGTGKAEIVLLDHGLYQMLTEEFRLNYCHLWQSLIWTDMKRVKEYSQRLGAGDLYPLFACMLTARSWDSVNRGISQAPVTATEDLEIRNNAANYLPQISHLLNHVPRQMLLILKTNDLLRGIEAALGTRASASSFLNMSRCCIRALAEHKKKNTCSFFRRTQISFSEAFNLWQINLHELILRVKGLKLADRVLALICWLFPAPL,MMCFLLIISSILVVFAFVLGNVANGFIALVNVIDWVNTRKISSAEQILTALVVSRIGLLWVMLFLWYATVFNSALYGLEVRIVASNAWAVTNHFSMWLAASLSIFCLLKIANFSNLISLHLKKRIKSVVLVILLGPLVFLICNLAVITMDERVWTKEYEGNVTWKIKLRNAIHLSSLTVTTLANLIPFTLSLICFLLLICSLCKHLKKMRLHSKGSQDPSTKVHIKALQTVTSFLMLFAIYFLCIITSTWNLRTQQSKLVLLLCQTVAIMYPSFHSFILIMGSRKLKQTFLSVLWQMTR,MPSAIEAIYIILIAGELTIGIWGNGFIVLVNCIDWLKRRDISLIDIILISLAISRICLLCVISLDGFFMLLFPGTYGNSVLVSIVNVVWTFANNSSLWFTSCLSIFYLLKIANISHPFFFWLKLKINKVMLAILLGSFLISLIISVPKNDDMWYHLFKVSHEENITWKFKVSKIPGTFKQLTLNLGVMVPFILCLISFFLLLFSLVRHTKQIRLHATGFRDPSTEAHMRAIKAVIIFLLLLIVYYPVFLVMTSSALIPQGKLVLMIGDIVTVIFPSSHSFILIMGNSKLREAFLKMLRFVKCFLRRRKPFVP,MPRATALGALVSLLLLLPLPRGAGGLGERPDATADYSELDGEEGTEQQLEHYHDPCKAAVFWGDIALDEDDLKLFHIDKARDWTKQTVGATGHSTGGLEEQASESSPDTTAMDTGTKEAGKDGRENTTLLHSPGTLHAAAKTFSPRVRRATTSRTERIWPGGVIPYVIGGNFTGSQRAIFKQAMRHWEKHTCVTFIERTDEESFIVFSYRTCGCCSYVGRRGGGPQAISIGKNCDKFGIVAHELGHVVGFWHEHTRPDRDQHVTIIRENIQPGQEYNFLKMEAGEVSSLGETYDFDSIMHYARNTFSRGVFLDTILPRQDDNGVRPTIGQRVRLSQGDIAQARKLYKCPACGETLQDTTGNFSAPGFPNGYPSYSHCVWRISVTPGEKIVLNFTSMDLFKSRLCWYDYVEVRDGYWRKAPLLGRFCGDKIPEPLVSTDSRLWVEFRSSSNILGKGFFAAYEATCGGDMNKDAGQIQSPNYPDDYRPSKECVWRITVSEGFHVGLTFQAFEIERHDSCAYDYLEVRDGPTEESALIGHFCGYEKPEDVKSSSNRLWMKFVSDGSINKAGFAANFFKEVDECSWPDHGGCEHRCVNTLGSYKCACDPGYELAADKKMCEVACGGFITKLNGTITSPGWPKEYPTNKNCVWQVVAPAQYRISLQFEVFELEGNDVCKYDFVEVRSGLSPDAKLHGRFCGSETPEVITSQSNNMRVEFKSDNTVSKRGFRAHFFSDKDECAKDNGGCQHECVNTFGSYLCRCRNGYWLHENGHDCKEAGCAHKISSVEGTLASPNWPDKYPSRRECTWNISSTAGHRVKLTFNEFEIEQHQECAYDHLEMYDGPDSLAPILGRFCGSKKPDPTVASGSSMFLRFYSDASVQRKGFQAVHSTECGGRLKAEVQTKELYSHAQFGDNNYPSEARCDWVIVAEDGYGVELTFRTFEVEEEADCGYDYMEAYDGYDSSAPRLGRFCGSGPLEEIYSAGDSLMIRFRTDDTINKKGFHARYTSTKFQDALHMKK,MGPDRVTARELCENDDLATSLVLDPYLGFRTHKMNVSPVPPLRRQQHLRSALETFLRQRDLEAAYRALTLGGWTARYFQSRGPRQEAALKTHVYRYLRAFLPESGFTILPCTRYSMETNGAKIVSTRAWKKNEKLELLVGCIAELREADEGLLRAGENDFSIMYSTRKRSAQLWLGPAAFINHDCKPNCKFVPADGNAACVKVLRDIEPGDEVTCFYGEGFFGEKNEHCECHTCERKGEGAFRTRPREPALPPRPLDKYQLRETKRRLQQGLDSGSRQGLLGPRACVHPSPLRRDPFCAACQPLRLPACSARPDTSPLWLQWLPQPQPRVRPRKRRRPRPRRAPVLSTHHAARVSLHRWGGCGPHCRLRGEALVALGQPPHARWAPQQDWHWARRYGLPYVVRVDLRRLAPAPPATPAPAGTPGPILIPKQALAFAPFSPPKRLRLVVSHGSIDLDVGGEEL,MFPALETHLKQTIPDPYEDFMYRHLQYYGYFKAQRGSLPNSATHQHVRKNNPQCLLNGSLGEKDDLIPDTLQKEKLLWPISLSSAVHRQIEAINRDFHSCLGWMQWRGLSSLQPPPPRFKDSPASAFRVAGITDSHMLSLPHLRSRQLLYDELDEVNPRLREPQELFSILSTKRPLQAPRWPIECEVIKENIHHIEWAPPQPEYFYQPKGNEKVPEIVGEKKGTVVYQLDSVPIEGSYFTSSRVGGKRGIVKELAVTLQGPEDNTLLFESRFESGNLQKAVRVDTYEYELTLRTDLYTNKHTQWFYFRVQNTRKDATYRFTIVNLLKPKSLYTVGMKPLLYSQLDANTRNIGWRREGNEIKYYKNNTDDGQQPFYCLTWTIQFPYDQDTCFFAHFYPYTYTDLQCYLLSVANNPIQSQFCKLQTLCRSLAGNTVYLLTITNPSQTPQEAAAKKAVVLSARVHPGESNGSWVMKGFLDFILSNSPDAQLLRDIFVFKVLPMLNPDGVIVGNYRCSLAGRDLNRHYKTILKESFPCIWYTRNMIKRLLEEREVLLYCDFHGHSRKNNIFLYGCNNNNRKYWLHERVFPLMLCKNAPDKFSFHSCNFKVQKCKEGTGRVVMWRMGILNSYTMESTFGGSTLGNKRDTHFTIEDLKSLGYHVCDTLLDFCDPDQMKFTQCLAELKELLRQEIHKKFHELGQDVDLEGSWSDISLSDIESSTSGSDSSLSDGLPVHLANIADELTQKKKMFKKKKKKSLQTRKQRNEQYQKKNLMQKLKLTEDTSEKAGFASTLQKQPTFFKNSENSSFLPMKNENPRLNETNLNRRDKDTPLDPSMATLILPKNKGRMQNKKPGFTVSCSPKRTINSSQEPAPGMKPNWPRSRYPATKRGCAAMAAYPSLHIYTYP,MVFSAVLTAFHTGTSNTTFVVYENTYMNITLPPPFQHPDLSPLLRYSFETMAPTGLSSLTVNSTAVPTTPAAFKSLNLPLQITLSAIMIFILFVSFLGNLVVCLMVYQKAAMRSAINILLASLAFADMLLAVLNMPFALVTILTTRWIFGKFFCRVSAMFFWLFVIEGVAILLIISIDRFLIIVQRQDKLNPYRAKVLIAVSWATSFCVAFPLAVGNPDLQIPSRAPQCVFGYTTNPGYQAYVILISLISFFIPFLVILYSFMGILNTLRHNALRIHSYPEGICLSQASKLGLMSLQRPFQMSIDMGFKTRAFTTILILFAVFIVCWAPFTTYSLVATFSKHFYYQHNFFEISTWLLWLCYLKSALNPLIYYWRIKKFHDACLDMMPKSFKFLPQLPGHTKRRIRPSAVYVCGEHRTVV,MPVKKKRKSPGVAAAVAEDGGLKKCKISSYCRSQPPARLISGEEHFSSKKCLAWFYEYAGPDEVVGPEGMEKFCEDIGVEPENIIMLVLAWKLEAESMGFFTKEEWLKGMTSLQCDCTEKLQNKFDFLRSQLNDISSFKNIYRYAFDFARDKDQRSLDIDTAKSMLALLLGRTWPLFSVFYQYLEQSKYRVMNKDQWYNVLEFSRTVHADLSNYDEDGAWPVLLDEFVEWQKVRQTS,MAAPGPLPAAALSPGAPTPRELMHGVAGVTSRAGRDREAGSVLPAGNRGARKASRRSSSRSMSRDNKFSKKDCLSIRNVVASIQTKEGLNLKLISGDVLYIWADVIVNSVPMNLQLGGGPLSRAFLQKAGPMLQKELDDRRRETEEKVGNIFMTSGCNLDCKAVLHAVAPYWNNGAETSWQIMANIIKKCLTTVEVLSFSSITFPMIGTGSLQFPKAVFAKLILSEVFEYSSSTRPITSPLQEVHFLVYTNDDEGCQAFLDEFTNWSRINPNKARIPMAGDTQGVVGTVSKPCFTAYEMKIGAITFQVATGDIATEQVDVIVNSTARTFNRKSGVSRAILEGAGQAVESECAVLAAQPHRDFIITPGGCLKCKIIIHVPGGKDVRKTVTSVLEECEQRKYTSVSLPAIGTGNAGKNPITVADNIIDAIVDFSSQHSTPSLKTVKVVIFQPELLNIFYDSMKKRDLSASLNFQSTFSMTTCNLPEHWTDMNHQLFCMVQLEPGQSEYNTIKDKFTRTCSSYAIEKIERIQNAFLWQSYQVKKRQMDIKNDHKNNERLLFHGTDADSVPYVNQHGFNRSCAGKNAVSYGKGTYFAVDASYSAKDTYSKPDSNGRKHMYVVRVLTGVFTKGRAGLVTPPPKNPHNPTDLFDSVTNNTRSPKLFVVFFDNQAYPEYLITFTA,MGQCVTKCKNPSSTLGSKNGDREPSNKSHSRRGAGHREEQVPPCGKPGGDILVNGTKKAEAATEACQLPTSSGDAGRESKSNAEESSLQRLEELFRRYKDEREDAILEEGMERFCNDLCVDPTEFRVLLLAWKFQAATMCKFTRKEFFDGCKAISADSIDGICARFPSLLTEAKQEDKFKDLYRFTFQFGLDSEEGQRSLHREIAIALWKLVFTQNNPPVLDQWLNFLTENPSGIKGISRDTWNMFLNFTQVIGPDLSNYSEDEAWPSLFDTFVEWEMERRKREGEGRGALSSGPEGLCPEEQT,MPFSVSWGVLLLAGLCCLVPSSLVEDPQGDAAQKTDTSHHDQGDWEDLACQKISYNVTDLAFDLYKSWLIYHNQHVLVTPTSVAMAFRMLSLGTKADTRTEILEGLNVNLTETPEAKIHECFQQVLQALSRPDTRLQLTTGSSLFVNKSMKLVDTFLEDTKKLYHSEASSINFRDTEEAKEQINNYVEKRTGRKVVDLVKHLKKDTSLALVDYISFHGKWKDKFKAERIMVEGFHVDDKTIIRVPMINHLGRFDIHRDRELSSWVLAQHYVGNATAFFILPDPKKMWQLEEKLTYSHLENIQRAFDIRSINLHFPKLSISGTYKLKRVPRNLGITKIFSNEADLSGVSQEAPLKLSKAVHVAVLTIDEKGTEATGAPHLEEKAWSKYQTVMFNRPFLVIIKEYITNFPLFIGKVVNPTQK,MAQAGVVGEVTQVLCAAGGALELPELRRRLRMGLSADALERLLRQRGRFVVAVRAGGAAAAPERVVLAASPLRLCRAHQGSKPGCVGLCAQLHLCRFMVYGACKFLRAGKNCRNSHSLTTEHNLSVLRTHGVDHLSYNELCQLLFQNDPWLLPEICQHYNKGDGPHGSCAFQKQCIKLHICQYFLQGECKFGTSCKRSHDFSNSENLEKLEKLGMSSDLVSRLPTIYRNAHDIKNKSSAPSRVPPLFVPQGTSERKDSSGSVSPNTLSQEEGDQICLYHIRKSCSFQDKCHRVHFHLPYRWQFLDRGKWEDLDNMELIEEAYCNPKIERILCSESASTFHSHCLNFNAMTYGATQARRLSTASSVTKPPHFILTTDWIWYWSDEFGSWQEYGRQGTVHPVTTVSSSDVEKAYLAYCTPGSDGQAATLKFQAGKHNYELDFKAFVQKNLVYGTTKKVCRRPKYVSPQDVTTMQTCNTKFPGPKSIPDYWDSSALPDPGFQKITLSSSSEEYQKVWNLFNRTLPFYFVQKIERVQNLALWEVYQWQKGQMQKQNGGKAVDERQLFHGTSAIFVDAICQQNFDWRVCGVHGTSYGKGSYFARDAAYSHHYSKSDTQTHTMFLARVLVGEFVRGNASFVRPPAKEGWSNAFYDSCVNSVSDPSIFVIFEKHQVYPEYVIQYTTSSKPSVTPSILLALGSLFSSRQ,MKTPNAQEAEGQQTRAAAGRATGSANMTKKKVSQKKQRGRPSSQPRRNIVGCRISHGWKEGDEPITQWKGTVLDQVPINPSLYLVKYDGIDCVYGLELHRDERVLSLKILSDRVASSHISDANLANTIIGKAVEHMFEGEHGSKDEWRGMVLAQAPIMKAWFYITYEKDPVLYMYQLLDDYKEGDLRIMPESSESPPTEREPGGVVDGLIGKHVEYTKEDGSKRIGMVIHQVEAKPSVYFIKFDDDFHIYVYDLVKKS,MRRLLLVTSLVVVLLWEAGAVPAPKVPIKMQVKHWPSEQDPEKAWGARVVEPPEKDDQLVVLFPVQKPKLLTTEEKPRGQGRGPILPGTKAWMETEDTLGHVLSPEPDHDSLYHPPPEEDQGEERPRLWVMPNHQVLLGPEEDQDHIYHPQ,MKTPFGKAAAGQRSRTGAGHGSVSVTMIKRKAAHKKHRSRPTSQPRGNIVGCRIQHGWKDGDEPLTQWKGTVLDQVPVNPSLYLIKYDGFDCVYGLELHRDERVSSLEVLPNRVASSRISDTHLAEIMVGKAVEHIFETEEGSKNEWRGMVLAQAPVMNTWFYITYEKDPVLYMYQLLDDYKDGDLRILQDSNDSPLAEREPGEVIDSLVGKQVEYAKDDGSKRTGMVIHQVEAKPSVYFIKFDDDFHIYVYDLVKTS,MITFLPIIFSILVVVTFVIGNFANGFIALVNSTEWVKRQKISFADQIVTALAVSRVGLLWVLLLNWYSTVLNPAFCSVELRTTAYNIWAVTGHFSNWPATSLSIFYLLKIANFSNLIFLRLKRRVKSVILVVLLGPLLFLACHLFVVNMNQIVWTKEYEGNMTWKIKLRRAMYLSDTTVTMLANLVPFTVTLISFLLLVCSLCKHLKKMQLHGKGSQDPSTKVHIKVLQTVISFFLLRAIYFVSVIISVWSFKNLENKPVFMFCQAIGFSCSSAHPFILIWGNKKLKQTYLSVLWQMRY,MSPPTVPPMGVDGVSAYLMKKRHTHRKQRRKPTFLTRRNIVGCRIQHGWKEGNEPVEQWKGTVLEQVSVKPTLYIIKYDGKDSVYGLELHRDKRVLALEILPERVPTPRIDSRLADSLIGKAVEHVFEGEHGTKDEWKGMVLARAPVMDTWFYITYEKDPVLYMYTLLDDYKDGDLRIIPDSNYYFPTAEQEPGEVVDSLVGKQVEHAKDDGSKRTGIFIHQVVAKPSVYFIKFDDDIHIYVYGLVKTP,MHSDAAAVNFQLNSHLSTLANIHKIYHTLNKLNLTEDIGQDDHQTGSLRSCSSSDCFNKVMPPRKKRRPASGDDLSAKKSRHDSMYRKYDSTRIKTEEEAFSSKRCLEWFYEYAGTDDVVGPEGMEKFCEDIGVEPENVVMLVLAWKLDAQNMGYFTLQEWLKGMTSLQCDTTEKLRNTLDYLRSFLNDSTNFKLIYRYAFDFAREKDQRSLDINTAKCMLGLLLGKIWPLFPVFHQFLEQSKYKVINKDQWCNVLEFSRTINLDLSNYDEDGAWPVLLDEFVEWYKDKQMS,MDRSKRNSIAGFPPRVERLEEFEGGGGGEGNVSQVGRVWPSSYRALISAFSRLTRLDDFTCEKIGSGFFSEVFKVRHRASGQVMALKMNTLSSNRANMLKEVQLMNRLSHPNILRFMGVCVHQGQLHALTEYINSGNLEQLLDSNLHLPWTVRVKLAYDIAVGLSYLHFKGIFHRDLTSKNCLIKRDENGYSAVVADFGLAEKIPDVSMGSEKLAVVGSPFWMAPEVLRDEPYNEKADVFSYGIILCEIIARIQADPDYLPRTENFGLDYDAFQHMVGDCPPDFLQLTFNCCNMDPKLRPSFVEIGKTLEEILSRLQEEEQERDRKLQPTARGLLEKAPGVKRLSSLDDKIPHKSPCPRRTIWLSRSQSDIFSRKPPRTVSVLDPYYRPRDGAARTPKVNPFSARQDLMGGKIKFFDLPSKSVISLVFDLDAPGPGTMPLADWQEPLAPPIRRWRSLPGSPEFLHQEACPFVGREESLSDGPPPRLSSLKYRVKEIPPFRASALPAAQAHEAMDCSILQEENGFGSRPQGTSPCPAGASEEMEVEERPAGSTPATFSTSGIGLQTQGKQDG,MAHRGAHFAFRSRWQKTDDELCRHSMSFILHKAIRNDFFQSYLYLLEKIPLVKLYALTSQVINGEMQFYARAKLFYQEVPATEEGMMGNFIELSSPDIQASQKFLRKFVGGPGRAGTDCALDCGSGIGRVSKHVLLPVFNSVELVDMMESFLLEAQNYLQVKGDKVESYHCYSLQEFTPPFRRYDVIWIQWVSGHLTDKDLLAFLSRCRDGLKENGIIILKDNVAREGCILDLSDSSVTRDMDILRSLIRKSGLVVLGQEKQDGFPEQCIPVWMFALHSDRHS,MNWNKGGPGTKRGFGFGGFAISAGKKEEPKLPQQSHSAFGATSSSSGFGKSAPPQLPSFYKIGSKRANFDEENAYFEDEEEDSSNVDLPYIPAENSPTRQQFHSKPVDSDSDDDPLEAFMAEVEDQAARDMKRLEEKDKERKNVKGIRDDIEEEDDQEAYFRYMAENPTAGVVQEEEEDNLEYDSDGNPIAPTKKIIDPLPPIDHSEIDYPPFEKNFYNEHEEITNLTPQQLIDLRHKLNLRVSGAAPPRPGSSFAHFGFDEQLMHQIRKSEYTQPTPIQCQGVPVALSGRDMIGIAKTGSGKTAAFIWPMLIHIMDQKELEPGDGPIAVIVCPTRELCQQIHAECKRFGKAYNLRSVAVYGGGSMWEQAKALQEGAEIVVCTPGRLIDHVKKKATNLQRVSYLVFDEADRMFDMGFEYQVRSIASHVRPDRQTLLFSATFRKKIEKLARDILIDPIRVVQGDIGEANEDVTQIVEILHSGPSKWNWLTRRLVEFTSSGSVLLFVTKKANAEELANNLKQEGHNLGLLHGDMDQSERNKVISDFKKKDIPVLVATDVAARGLDIPSIKTVINYDVARDIDTHTHRIGRTGRAGEKGVAYTLLTPKDSNFAGDLVRNLEGANQHVSKELLDLAMQNAWFRKSRFKGGKGKKLNIGGGGLGYRERPGLGSENMDRGNNNVMSNYEAYKPSTGAMGDRLTAMKAAFQSQYKSHFVAASLSNQKAGSSAAGASGWTSAGSLNSVPTNSAQQGHNSPDSPVTSAAKGIPGFGNTGNISGAPVTYPSAGAQGVNNTASGNNSREGTGGSNGKRERYTENRGSSRHSHGETGNRHSDSPRHGDGGRHGDGYRHPESSSRHTDGHRHGENRHGGSAGRHGENRGANDGRNGESRKEAFNRESKMEPKMEPKVDSSKMDKVDSKTDKTADGFAVPEPPKRKKSRWDS,MPASELKASEIPFHPSIKTQDPKAEEKSPKKQKVTLTAAEALKLFKNQLSPYEQSEILGYAELWFLGLEAKKLDTAPEKFSKTSFDDEHGFYLKVLHDHIAYRYEVLETIGKGSFGQVAKCLDHKNNELVALKIIRNKKRFHQQALMELKILEALRKKDKDNTYNVVHMKDFFYFRNHFCITFELLGINLYELMKNNNFQGFSLSIVRRFTLSVLKCLQMLSVEKIIHCDLKPENIVLYQKGQASVKVIDFGSSCYEHQKVYTYIQSRFYRSPEVILGHPYDVAIDMWSLGCITAELYTGYPLFPGENEVEQLACIMEVLGLPPAGFIQTASRRQTFFDSKGFPKNITNNRGKKRYPDSKDLTMVLKTYDTSFLDFLRRCLVWEPSLRMTPDQALKHAWIHQSRNLKPQPRPQTLRKSNSFFPSETRKDKVQGCHHSSRKADEITKETTEKTKDSPTKHVQHSGDQQDCLQHGADTVQLPQLVDAPKKSEAAVGAEVSMTSPGQSKNFSLKNTNVLPPIV
MDPTVPVFGTKLTPINGREETPCYNQTLSFTVLTCIISLVGLTGNAVVLWLLGYRMRRNAVSIYILNLAAADFLFLSFQIIRLPLRLINISHLIRKILVSVMTFPYFTGLSMLSAISTERCLSVLWPIWYRCRRPTHLSAVVCVLLWGLSLLFSMLEWRFCDFLFSGADSSWCETSDFIPVAWLIFLCVVLCVSSLVLLVRILCGSRKMPLTRLYVTILLTVLVFLLCGLPFGILGALIYRMHLNLEVLYCHVYLVCMSLSSLNSSANPIIYFFVGSFRQRQNRQNLKLVLQRALQDKPEVDKGEGQLPEESLELSGSRLGP,0,0,0,0,0,0,0,0,0,0,0,0,0,0,0,0,0,0,0,0,0,0,0,0,0,0,0,0
MASTVEGGDTALLPEFPRGPLDAYRARASFSWKELALFTEGEGMLRFKKTIFSALENDPLFARSPGADLSLEKYRELNFLRCKRIFEYDFLSVEDMFKSPLKVPALIQCLGMYDSSLAAKYLLHSLVFGSAVYSSGSERHLTYIQKIFRMEIFGCFALTELSHGSNTKAIRTTAHYDPATEEFIIHSPDFEAAKFWVGNMGKTATHAVVFAKLCVPGDQCHGLHPFIVQIRDPKTLLPMPGVMVGDIGKKLGQNGLDNGFAMFHKVRVPRQSLLNRMGDVTPEGTYVSPFKDVRQRFGASLGSLSSGRVSIVSLAILNLKLAVAIALRFSATRRQFGPTEEEEIPVLEYPMQQWRLLPYLAAVYALDHFSKSLFLDLVELQRGLASGDRSARQAELGREIHALASASKPLASWTTQQGIQECREACGGHGYLAMNRLGVLRDDNDPNCTYEGDNNILLQQTSNYLLGLLAHQVHDGACFRSPLKSVDFLDAYPGILDQKFEVSSVADCLDSAVALAAYKWLVCYLLRETYQKLNQEKRSGSSDFEARNKCQVSHGRPLALAFVELTVVQRFHEHVHQPSVPPSLRAVLGRLSALYALWSLSRHAALLYRGGYFSGEQAGEVLESAVLALCSQLKDDAVALVDVIAPPDFVLDSPIGRADGELYKNLWGAVLQESKVLERASWWPEFSVNKPVIGSLKSKL,0,0,0,0,0,0,0,0,0,0,0,0,0,0,0,0,0,0,0,0,0,0,0,0,0,0,0,0
MHKLKSSQKDKVRQFMACTQAGERTAIYCLTQNEWRLDEATDSFFQNPDSLHRESMRNAVDKKKLERLYGRYKDPQDENKIGVDGIQQFCDDLSLDPASISVLVIAWKFRAATQCEFSRKEFLDGMTELGCDSMEKLKALLPRLEQELKDTAKFKDFYQFTFTFAKNPGQKGLDLEMAVAYWKLVLSGRFKFLDLWNTFLMEHHKRSIPRDTWNLLLDFGNMIADDMSNYDEEGAWPVLIDDFVEYARPVVTGGKRSLF,0,0,0,0,0,0,0,0,0,0,0,0,0,0,0,0,0,0,0,0,0,0,0,0,0,0,0,0
MATELDKIFLILAIAEFIISMLGNVFIGLVNCSEGIKNQKVFSADFILTCLAISTIGQLLVILFDSFLVGLASHLYTTYRLGKTVIMLWHMTNHLTTWLATCLSIFYFFKIAHFPHSLFLWLRWRMNGMIVMLLILSLFLLIFDSLVLEIFIDISLNIIDKSNLTLYLDESKTLYDKLSILKTLLSLTSFIPFSLFLTSLLFLFLSLVRHTRNLKLSSLGSRDSSTEAHRRAMKMVMSFLFLFIVHFFSLQVANGIFFMLWNNKYIKFVMLALNAFPSCHSFILILGNSKLRQTAVRLLWHLRNYTKTPNALPL,0,0,0,0,0,0,0,0,0,0,0,0,0,0,0,0,0,0,0,0,0,0,0,0,0,0,0,0
MGTKGLPLYPDPSRVPGTKTQNNLESDYLARDGPSSNSSFHSSEEEGTDLEGDMLDCSGSRPLLMESEEEDESCRPPPGKLGGAVPFAPPEVSPEQAKTVQGGRKNQFQAFTQPATDGLSEPDVFAIAPFRSSRVPNDDMDIFSKAPFVSKSSMAPSQPEESDVFLRAPFTKKKSMEELTVIQCTSQELPAQTGLLSQTGDVPLPAGRERAVYTSVQAQYSTAGFVQQSNLLSHSVQAADHLDSISPRGSCLESGGHSNDRNKGPQLQKEAVSGPMAGKPFRPQSLSKYSRHYSPEDEPSPEAQPIAAYKIVSQTNKQSIAGSVSITSLSSRTTELPAADPFALAPFPSKSGKKP,0,0,0,0,0,0,0,0,0,0,0,0,0,0,0,0,0,0,0,0,0,0,0,0,0,0,0,0
MAWAPLLLTLLAHCTGSWANFMLTQPHSVSESPGKTVTISCTGSSGSIASNYVQWYQQRPGSAPTTVIYEDNQRPSGVPDRFSGSIDSSSNSASLTISGLKTEDEADYYCQSYDSSN,0,0,0,0,0,0,0,0,0,0,0,0,0,0,0,0,0,0,0,0,0,0,0,0,0,0,0,0
MARKALKLASWTSMALAASGIYFYSNKYLDPNDFGAVRVGRAVATTAVISYDYLTSLKSVPYGSEEYLQLRSKSWPVFLQVHLRSARRLCELCCANRGTFIKVGQHLGALDYLLPEEYTSTLKVLHSQAPQSSMQEIRQVIREDLGKEIHDLFQSFDDTPLGTASLAQVHKAVLHDGRTVAVKVQHPKVRAQSSKDILLMEVLVLAVKQLFPEFEFMWLVDEAKKNLPLELDFLNEGRNAEKVSQMLRHFDFLKVPRIHWDLSTERVLLMEFVDGGQVNDRDYMERNKIDVNEISRHLGKMYSEMIFVNGFVHCDPHPGNVLVRKHPGTGKAEIVLLDHGLYQMLTEEFRLNYCHLWQSLIWTDMKRVKEYSQRLGAGDLYPLFACMLTARSWDSVNRGISQAPVTATEDLEIRNNAANYLPQISHLLNHVPRQMLLILKTNDLLRGIEAALGTRASASSFLNMSRCCIRALAEHKKKNTCSFFRRTQISFSEAFNLWQINLHELILRVKGLKLADRVLALICWLFPAPL,0,0,0,0,0,0,0,0,0,0,0,0,0,0,0,0,0,0,0,0,0,0,0,0,0,0,0,0
MMCFLLIISSILVVFAFVLGNVANGFIALVNVIDWVNTRKISSAEQILTALVVSRIGLLWVMLFLWYATVFNSALYGLEVRIVASNAWAVTNHFSMWLAASLSIFCLLKIANFSNLISLHLKKRIKSVVLVILLGPLVFLICNLAVITMDERVWTKEYEGNVTWKIKLRNAIHLSSLTVTTLANLIPFTLSLICFLLLICSLCKHLKKMRLHSKGSQDPSTKVHIKALQTVTSFLMLFAIYFLCIITSTWNLRTQQSKLVLLLCQTVAIMYPSFHSFILIMGSRKLKQTFLSVLWQMTR,0,0,0,0,0,0,0,0,0,0,0,0,0,0,0,0,0,0,0,0,0,0,0,0,0,0,0,0
MPSAIEAIYIILIAGELTIGIWGNGFIVLVNCIDWLKRRDISLIDIILISLAISRICLLCVISLDGFFMLLFPGTYGNSVLVSIVNVVWTFANNSSLWFTSCLSIFYLLKIANISHPFFFWLKLKINKVMLAILLGSFLISLIISVPKNDDMWYHLFKVSHEENITWKFKVSKIPGTFKQLTLNLGVMVPFILCLISFFLLLFSLVRHTKQIRLHATGFRDPSTEAHMRAIKAVIIFLLLLIVYYPVFLVMTSSALIPQGKLVLMIGDIVTVIFPSSHSFILIMGNSKLREAFLKMLRFVKCFLRRRKPFVP,0,0,0,0,0,0,0,0,0,0,0,0,0,0,0,0,0,0,0,0,0,0,0,0,0,0,0,0
MPRATALGALVSLLLLLPLPRGAGGLGERPDATADYSELDGEEGTEQQLEHYHDPCKAAVFWGDIALDEDDLKLFHIDKARDWTKQTVGATGHSTGGLEEQASESSPDTTAMDTGTKEAGKDGRENTTLLHSPGTLHAAAKTFSPRVRRATTSRTERIWPGGVIPYVIGGNFTGSQRAIFKQAMRHWEKHTCVTFIERTDEESFIVFSYRTCGCCSYVGRRGGGPQAISIGKNCDKFGIVAHELGHVVGFWHEHTRPDRDQHVTIIRENIQPGQEYNFLKMEAGEVSSLGETYDFDSIMHYARNTFSRGVFLDTILPRQDDNGVRPTIGQRVRLSQGDIAQARKLYKCPACGETLQDTTGNFSAPGFPNGYPSYSHCVWRISVTPGEKIVLNFTSMDLFKSRLCWYDYVEVRDGYWRKAPLLGRFCGDKIPEPLVSTDSRLWVEFRSSSNILGKGFFAAYEATCGGDMNKDAGQIQSPNYPDDYRPSKECVWRITVSEGFHVGLTFQAFEIERHDSCAYDYLEVRDGPTEESALIGHFCGYEKPEDVKSSSNRLWMKFVSDGSINKAGFAANFFKEVDECSWPDHGGCEHRCVNTLGSYKCACDPGYELAADKKMCEVACGGFITKLNGTITSPGWPKEYPTNKNCVWQVVAPAQYRISLQFEVFELEGNDVCKYDFVEVRSGLSPDAKLHGRFCGSETPEVITSQSNNMRVEFKSDNTVSKRGFRAHFFSDKDECAKDNGGCQHECVNTFGSYLCRCRNGYWLHENGHDCKEAGCAHKISSVEGTLASPNWPDKYPSRRECTWNISSTAGHRVKLTFNEFEIEQHQECAYDHLEMYDGPDSLAPILGRFCGSKKPDPTVASGSSMFLRFYSDASVQRKGFQAVHSTECGGRLKAEVQTKELYSHAQFGDNNYPSEARCDWVIVAEDGYGVELTFRTFEVEEEADCGYDYMEAYDGYDSSAPRLGRFCGSGPLEEIYSAGDSLMIRFRTDDTINKKGFHARYTSTKFQDALHMKK,0,0,0,0,0,0,0,0,0,0,0,0,0,0,0,0,0,0,0,0,0,0,0,0,0,0,0,0
MGPDRVTARELCENDDLATSLVLDPYLGFRTHKMNVSPVPPLRRQQHLRSALETFLRQRDLEAAYRALTLGGWTARYFQSRGPRQEAALKTHVYRYLRAFLPESGFTILPCTRYSMETNGAKIVSTRAWKKNEKLELLVGCIAELREADEGLLRAGENDFSIMYSTRKRSAQLWLGPAAFINHDCKPNCKFVPADGNAACVKVLRDIEPGDEVTCFYGEGFFGEKNEHCECHTCERKGEGAFRTRPREPALPPRPLDKYQLRETKRRLQQGLDSGSRQGLLGPRACVHPSPLRRDPFCAACQPLRLPACSARPDTSPLWLQWLPQPQPRVRPRKRRRPRPRRAPVLSTHHAARVSLHRWGGCGPHCRLRGEALVALGQPPHARWAPQQDWHWARRYGLPYVVRVDLRRLAPAPPATPAPAGTPGPILIPKQALAFAPFSPPKRLRLVVSHGSIDLDVGGEEL,0,0,0,0,0,0,0,0,0,0,0,0,0,0,0,0,0,0,0,0,0,0,0,0,0,0,0,0
MFPALETHLKQTIPDPYEDFMYRHLQYYGYFKAQRGSLPNSATHQHVRKNNPQCLLNGSLGEKDDLIPDTLQKEKLLWPISLSSAVHRQIEAINRDFHSCLGWMQWRGLSSLQPPPPRFKDSPASAFRVAGITDSHMLSLPHLRSRQLLYDELDEVNPRLREPQELFSILSTKRPLQAPRWPIECEVIKENIHHIEWAPPQPEYFYQPKGNEKVPEIVGEKKGTVVYQLDSVPIEGSYFTSSRVGGKRGIVKELAVTLQGPEDNTLLFESRFESGNLQKAVRVDTYEYELTLRTDLYTNKHTQWFYFRVQNTRKDATYRFTIVNLLKPKSLYTVGMKPLLYSQLDANTRNIGWRREGNEIKYYKNNTDDGQQPFYCLTWTIQFPYDQDTCFFAHFYPYTYTDLQCYLLSVANNPIQSQFCKLQTLCRSLAGNTVYLLTITNPSQTPQEAAAKKAVVLSARVHPGESNGSWVMKGFLDFILSNSPDAQLLRDIFVFKVLPMLNPDGVIVGNYRCSLAGRDLNRHYKTILKESFPCIWYTRNMIKRLLEEREVLLYCDFHGHSRKNNIFLYGCNNNNRKYWLHERVFPLMLCKNAPDKFSFHSCNFKVQKCKEGTGRVVMWRMGILNSYTMESTFGGSTLGNKRDTHFTIEDLKSLGYHVCDTLLDFCDPDQMKFTQCLAELKELLRQEIHKKFHELGQDVDLEGSWSDISLSDIESSTSGSDSSLSDGLPVHLANIADELTQKKKMFKKKKKKSLQTRKQRNEQYQKKNLMQKLKLTEDTSEKAGFASTLQKQPTFFKNSENSSFLPMKNENPRLNETNLNRRDKDTPLDPSMATLILPKNKGRMQNKKPGFTVSCSPKRTINSSQEPAPGMKPNWPRSRYPATKRGCAAMAAYPSLHIYTYP,0,0,0,0,0,0,0,0,0,0,0,0,0,0,0,0,0,0,0,0,0,0,0,0,0,0,0,0
MVFSAVLTAFHTGTSNTTFVVYENTYMNITLPPPFQHPDLSPLLRYSFETMAPTGLSSLTVNSTAVPTTPAAFKSLNLPLQITLSAIMIFILFVSFLGNLVVCLMVYQKAAMRSAINILLASLAFADMLLAVLNMPFALVTILTTRWIFGKFFCRVSAMFFWLFVIEGVAILLIISIDRFLIIVQRQDKLNPYRAKVLIAVSWATSFCVAFPLAVGNPDLQIPSRAPQCVFGYTTNPGYQAYVILISLISFFIPFLVILYSFMGILNTLRHNALRIHSYPEGICLSQASKLGLMSLQRPFQMSIDMGFKTRAFTTILILFAVFIVCWAPFTTYSLVATFSKHFYYQHNFFEISTWLLWLCYLKSALNPLIYYWRIKKFHDACLDMMPKSFKFLPQLPGHTKRRIRPSAVYVCGEHRTVV,0,0,0,0,0,0,0,0,0,0,0,0,0,0,0,0,0,0,0,0,0,0,0,0,0,0,0,0
MPVKKKRKSPGVAAAVAEDGGLKKCKISSYCRSQPPARLISGEEHFSSKKCLAWFYEYAGPDEVVGPEGMEKFCEDIGVEPENIIMLVLAWKLEAESMGFFTKEEWLKGMTSLQCDCTEKLQNKFDFLRSQLNDISSFKNIYRYAFDFARDKDQRSLDIDTAKSMLALLLGRTWPLFSVFYQYLEQSKYRVMNKDQWYNVLEFSRTVHADLSNYDEDGAWPVLLDEFVEWQKVRQTS,0,0,0,0,0,0,0,0,0,0,0,0,0,0,0,0,0,0,0,0,0,0,0,0,0,0,0,0
MAAPGPLPAAALSPGAPTPRELMHGVAGVTSRAGRDREAGSVLPAGNRGARKASRRSSSRSMSRDNKFSKKDCLSIRNVVASIQTKEGLNLKLISGDVLYIWADVIVNSVPMNLQLGGGPLSRAFLQKAGPMLQKELDDRRRETEEKVGNIFMTSGCNLDCKAVLHAVAPYWNNGAETSWQIMANIIKKCLTTVEVLSFSSITFPMIGTGSLQFPKAVFAKLILSEVFEYSSSTRPITSPLQEVHFLVYTNDDEGCQAFLDEFTNWSRINPNKARIPMAGDTQGVVGTVSKPCFTAYEMKIGAITFQVATGDIATEQVDVIVNSTARTFNRKSGVSRAILEGAGQAVESECAVLAAQPHRDFIITPGGCLKCKIIIHVPGGKDVRKTVTSVLEECEQRKYTSVSLPAIGTGNAGKNPITVADNIIDAIVDFSSQHSTPSLKTVKVVIFQPELLNIFYDSMKKRDLSASLNFQSTFSMTTCNLPEHWTDMNHQLFCMVQLEPGQSEYNTIKDKFTRTCSSYAIEKIERIQNAFLWQSYQVKKRQMDIKNDHKNNERLLFHGTDADSVPYVNQHGFNRSCAGKNAVSYGKGTYFAVDASYSAKDTYSKPDSNGRKHMYVVRVLTGVFTKGRAGLVTPPPKNPHNPTDLFDSVTNNTRSPKLFVVFFDNQAYPEYLITFTA,0,0,0,0,0,0,0,0,0,0,0,0,0,0,0,0,0,0,0,0,0,0,0,0,0,0,0,0
MGQCVTKCKNPSSTLGSKNGDREPSNKSHSRRGAGHREEQVPPCGKPGGDILVNGTKKAEAATEACQLPTSSGDAGRESKSNAEESSLQRLEELFRRYKDEREDAILEEGMERFCNDLCVDPTEFRVLLLAWKFQAATMCKFTRKEFFDGCKAISADSIDGICARFPSLLTEAKQEDKFKDLYRFTFQFGLDSEEGQRSLHREIAIALWKLVFTQNNPPVLDQWLNFLTENPSGIKGISRDTWNMFLNFTQVIGPDLSNYSEDEAWPSLFDTFVEWEMERRKREGEGRGALSSGPEGLCPEEQT,0,0,0,0,0,0,0,0,0,0,0,0,0,0,0,0,0,0,0,0,0,0,0,0,0,0,0,0
MPFSVSWGVLLLAGLCCLVPSSLVEDPQGDAAQKTDTSHHDQGDWEDLACQKISYNVTDLAFDLYKSWLIYHNQHVLVTPTSVAMAFRMLSLGTKADTRTEILEGLNVNLTETPEAKIHECFQQVLQALSRPDTRLQLTTGSSLFVNKSMKLVDTFLEDTKKLYHSEASSINFRDTEEAKEQINNYVEKRTGRKVVDLVKHLKKDTSLALVDYISFHGKWKDKFKAERIMVEGFHVDDKTIIRVPMINHLGRFDIHRDRELSSWVLAQHYVGNATAFFILPDPKKMWQLEEKLTYSHLENIQRAFDIRSINLHFPKLSISGTYKLKRVPRNLGITKIFSNEADLSGVSQEAPLKLSKAVHVAVLTIDEKGTEATGAPHLEEKAWSKYQTVMFNRPFLVIIKEYITNFPLFIGKVVNPTQK,0,0,0,0,0,0,0,0,0,0,0,0,0,0,0,0,0,0,0,0,0,0,0,0,0,0,0,0
MAQAGVVGEVTQVLCAAGGALELPELRRRLRMGLSADALERLLRQRGRFVVAVRAGGAAAAPERVVLAASPLRLCRAHQGSKPGCVGLCAQLHLCRFMVYGACKFLRAGKNCRNSHSLTTEHNLSVLRTHGVDHLSYNELCQLLFQNDPWLLPEICQHYNKGDGPHGSCAFQKQCIKLHICQYFLQGECKFGTSCKRSHDFSNSENLEKLEKLGMSSDLVSRLPTIYRNAHDIKNKSSAPSRVPPLFVPQGTSERKDSSGSVSPNTLSQEEGDQICLYHIRKSCSFQDKCHRVHFHLPYRWQFLDRGKWEDLDNMELIEEAYCNPKIERILCSESASTFHSHCLNFNAMTYGATQARRLSTASSVTKPPHFILTTDWIWYWSDEFGSWQEYGRQGTVHPVTTVSSSDVEKAYLAYCTPGSDGQAATLKFQAGKHNYELDFKAFVQKNLVYGTTKKVCRRPKYVSPQDVTTMQTCNTKFPGPKSIPDYWDSSALPDPGFQKITLSSSSEEYQKVWNLFNRTLPFYFVQKIERVQNLALWEVYQWQKGQMQKQNGGKAVDERQLFHGTSAIFVDAICQQNFDWRVCGVHGTSYGKGSYFARDAAYSHHYSKSDTQTHTMFLARVLVGEFVRGNASFVRPPAKEGWSNAFYDSCVNSVSDPSIFVIFEKHQVYPEYVIQYTTSSKPSVTPSILLALGSLFSSRQ,0,0,0,0,0,0,0,0,0,0,0,0,0,0,0,0,0,0,0,0,0,0,0,0,0,0,0,0
MKTPNAQEAEGQQTRAAAGRATGSANMTKKKVSQKKQRGRPSSQPRRNIVGCRISHGWKEGDEPITQWKGTVLDQVPINPSLYLVKYDGIDCVYGLELHRDERVLSLKILSDRVASSHISDANLANTIIGKAVEHMFEGEHGSKDEWRGMVLAQAPIMKAWFYITYEKDPVLYMYQLLDDYKEGDLRIMPESSESPPTEREPGGVVDGLIGKHVEYTKEDGSKRIGMVIHQVEAKPSVYFIKFDDDFHIYVYDLVKKS,0,0,0,0,0,0,0,0,0,0,0,0,0,0,0,0,0,0,0,0,1,0,0,0,0,0,0,0
MRRLLLVTSLVVVLLWEAGAVPAPKVPIKMQVKHWPSEQDPEKAWGARVVEPPEKDDQLVVLFPVQKPKLLTTEEKPRGQGRGPILPGTKAWMETEDTLGHVLSPEPDHDSLYHPPPEEDQGEERPRLWVMPNHQVLLGPEEDQDHIYHPQ,0,0,0,0,0,0,0,0,0,0,0,0,0,0,0,0,0,0,0,0,0,0,0,0,0,0,0,0
MKTPFGKAAAGQRSRTGAGHGSVSVTMIKRKAAHKKHRSRPTSQPRGNIVGCRIQHGWKDGDEPLTQWKGTVLDQVPVNPSLYLIKYDGFDCVYGLELHRDERVSSLEVLPNRVASSRISDTHLAEIMVGKAVEHIFETEEGSKNEWRGMVLAQAPVMNTWFYITYEKDPVLYMYQLLDDYKDGDLRILQDSNDSPLAEREPGEVIDSLVGKQVEYAKDDGSKRTGMVIHQVEAKPSVYFIKFDDDFHIYVYDLVKTS,0,0,0,0,0,0,0,0,0,0,0,0,0,0,0,0,0,0,1,0,0,0,0,0,0,0,0,0
MITFLPIIFSILVVVTFVIGNFANGFIALVNSTEWVKRQKISFADQIVTALAVSRVGLLWVLLLNWYSTVLNPAFCSVELRTTAYNIWAVTGHFSNWPATSLSIFYLLKIANFSNLIFLRLKRRVKSVILVVLLGPLLFLACHLFVVNMNQIVWTKEYEGNMTWKIKLRRAMYLSDTTVTMLANLVPFTVTLISFLLLVCSLCKHLKKMQLHGKGSQDPSTKVHIKVLQTVISFFLLRAIYFVSVIISVWSFKNLENKPVFMFCQAIGFSCSSAHPFILIWGNKKLKQTYLSVLWQMRY,0,0,0,0,0,0,0,0,0,0,0,0,0,0,0,0,0,0,0,0,0,0,0,0,0,0,0,0
MSPPTVPPMGVDGVSAYLMKKRHTHRKQRRKPTFLTRRNIVGCRIQHGWKEGNEPVEQWKGTVLEQVSVKPTLYIIKYDGKDSVYGLELHRDKRVLALEILPERVPTPRIDSRLADSLIGKAVEHVFEGEHGTKDEWKGMVLARAPVMDTWFYITYEKDPVLYMYTLLDDYKDGDLRIIPDSNYYFPTAEQEPGEVVDSLVGKQVEHAKDDGSKRTGIFIHQVVAKPSVYFIKFDDDIHIYVYGLVKTP,0,0,0,0,0,0,0,0,0,0,0,0,0,0,0,0,0,0,0,0,0,0,0,0,0,0,0,0
MHSDAAAVNFQLNSHLSTLANIHKIYHTLNKLNLTEDIGQDDHQTGSLRSCSSSDCFNKVMPPRKKRRPASGDDLSAKKSRHDSMYRKYDSTRIKTEEEAFSSKRCLEWFYEYAGTDDVVGPEGMEKFCEDIGVEPENVVMLVLAWKLDAQNMGYFTLQEWLKGMTSLQCDTTEKLRNTLDYLRSFLNDSTNFKLIYRYAFDFAREKDQRSLDINTAKCMLGLLLGKIWPLFPVFHQFLEQSKYKVINKDQWCNVLEFSRTINLDLSNYDEDGAWPVLLDEFVEWYKDKQMS,0,0,0,0,0,0,0,0,0,0,0,0,0,0,0,0,0,0,0,0,0,0,0,0,0,0,0,0
MDRSKRNSIAGFPPRVERLEEFEGGGGGEGNVSQVGRVWPSSYRALISAFSRLTRLDDFTCEKIGSGFFSEVFKVRHRASGQVMALKMNTLSSNRANMLKEVQLMNRLSHPNILRFMGVCVHQGQLHALTEYINSGNLEQLLDSNLHLPWTVRVKLAYDIAVGLSYLHFKGIFHRDLTSKNCLIKRDENGYSAVVADFGLAEKIPDVSMGSEKLAVVGSPFWMAPEVLRDEPYNEKADVFSYGIILCEIIARIQADPDYLPRTENFGLDYDAFQHMVGDCPPDFLQLTFNCCNMDPKLRPSFVEIGKTLEEILSRLQEEEQERDRKLQPTARGLLEKAPGVKRLSSLDDKIPHKSPCPRRTIWLSRSQSDIFSRKPPRTVSVLDPYYRPRDGAARTPKVNPFSARQDLMGGKIKFFDLPSKSVISLVFDLDAPGPGTMPLADWQEPLAPPIRRWRSLPGSPEFLHQEACPFVGREESLSDGPPPRLSSLKYRVKEIPPFRASALPAAQAHEAMDCSILQEENGFGSRPQGTSPCPAGASEEMEVEERPAGSTPATFSTSGIGLQTQGKQDG,0,0,0,0,0,0,0,0,0,0,0,0,0,0,0,0,0,0,0,0,0,0,0,0,0,0,0,0
MAHRGAHFAFRSRWQKTDDELCRHSMSFILHKAIRNDFFQSYLYLLEKIPLVKLYALTSQVINGEMQFYARAKLFYQEVPATEEGMMGNFIELSSPDIQASQKFLRKFVGGPGRAGTDCALDCGSGIGRVSKHVLLPVFNSVELVDMMESFLLEAQNYLQVKGDKVESYHCYSLQEFTPPFRRYDVIWIQWVSGHLTDKDLLAFLSRCRDGLKENGIIILKDNVAREGCILDLSDSSVTRDMDILRSLIRKSGLVVLGQEKQDGFPEQCIPVWMFALHSDRHS,0,0,0,0,0,0,0,0,0,0,0,0,0,0,0,0,0,0,0,0,0,0,0,0,0,0,0,0
MNWNKGGPGTKRGFGFGGFAISAGKKEEPKLPQQSHSAFGATSSSSGFGKSAPPQLPSFYKIGSKRANFDEENAYFEDEEEDSSNVDLPYIPAENSPTRQQFHSKPVDSDSDDDPLEAFMAEVEDQAARDMKRLEEKDKERKNVKGIRDDIEEEDDQEAYFRYMAENPTAGVVQEEEEDNLEYDSDGNPIAPTKKIIDPLPPIDHSEIDYPPFEKNFYNEHEEITNLTPQQLIDLRHKLNLRVSGAAPPRPGSSFAHFGFDEQLMHQIRKSEYTQPTPIQCQGVPVALSGRDMIGIAKTGSGKTAAFIWPMLIHIMDQKELEPGDGPIAVIVCPTRELCQQIHAECKRFGKAYNLRSVAVYGGGSMWEQAKALQEGAEIVVCTPGRLIDHVKKKATNLQRVSYLVFDEADRMFDMGFEYQVRSIASHVRPDRQTLLFSATFRKKIEKLARDILIDPIRVVQGDIGEANEDVTQIVEILHSGPSKWNWLTRRLVEFTSSGSVLLFVTKKANAEELANNLKQEGHNLGLLHGDMDQSERNKVISDFKKKDIPVLVATDVAARGLDIPSIKTVINYDVARDIDTHTHRIGRTGRAGEKGVAYTLLTPKDSNFAGDLVRNLEGANQHVSKELLDLAMQNAWFRKSRFKGGKGKKLNIGGGGLGYRERPGLGSENMDRGNNNVMSNYEAYKPSTGAMGDRLTAMKAAFQSQYKSHFVAASLSNQKAGSSAAGASGWTSAGSLNSVPTNSAQQGHNSPDSPVTSAAKGIPGFGNTGNISGAPVTYPSAGAQGVNNTASGNNSREGTGGSNGKRERYTENRGSSRHSHGETGNRHSDSPRHGDGGRHGDGYRHPESSSRHTDGHRHGENRHGGSAGRHGENRGANDGRNGESRKEAFNRESKMEPKMEPKVDSSKMDKVDSKTDKTADGFAVPEPPKRKKSRWDS,0,0,0,0,0,0,0,0,0,0,0,0,0,0,0,0,0,0,0,0,0,0,0,0,0,0,0,0
MPASELKASEIPFHPSIKTQDPKAEEKSPKKQKVTLTAAEALKLFKNQLSPYEQSEILGYAELWFLGLEAKKLDTAPEKFSKTSFDDEHGFYLKVLHDHIAYRYEVLETIGKGSFGQVAKCLDHKNNELVALKIIRNKKRFHQQALMELKILEALRKKDKDNTYNVVHMKDFFYFRNHFCITFELLGINLYELMKNNNFQGFSLSIVRRFTLSVLKCLQMLSVEKIIHCDLKPENIVLYQKGQASVKVIDFGSSCYEHQKVYTYIQSRFYRSPEVILGHPYDVAIDMWSLGCITAELYTGYPLFPGENEVEQLACIMEVLGLPPAGFIQTASRRQTFFDSKGFPKNITNNRGKKRYPDSKDLTMVLKTYDTSFLDFLRRCLVWEPSLRMTPDQALKHAWIHQSRNLKPQPRPQTLRKSNSFFPSETRKDKVQGCHHSSRKADEITKETTEKTKDSPTKHVQHSGDQQDCLQHGADTVQLPQLVDAPKKSEAAVGAEVSMTSPGQSKNFSLKNTNVLPPIV,0,0,0,0,0,0,0,0,0,0,0,0,0,0,0,0,0,0,0,0,0,0,0,0,0,0,0,0
